date_mesure,geocode_region,libelle_region,valeur
2011-01-01T00:00:00.000,01,Guadeloupe,404635
2016-01-01T00:00:00.000,11,Île-de-France,12117132
2022-01-01T00:00:00.000,24,Centre-Val de Loire,2581597
2009-01-01T00:00:00.000,11,Île-de-France,11728240
2008-01-01T00:00:00.000,27,Bourgogne-Franche-Comté,2802519
2009-01-01T00:00:00.000,01,Guadeloupe,401554
2016-01-01T00:00:00.000,01,Guadeloupe,394110
2006-01-01T00:00:00.000,94,Corse,294118
2012-01-01T00:00:00.000,84,Auvergne-Rhône-Alpes,7694278
2011-01-01T00:00:00.000,02,Martinique,392291
2010-01-01T00:00:00.000,93,Provence-Alpes-Côte d'Azur,4899155
2017-01-01T00:00:00.000,03,Guyane,268700
2010-01-01T00:00:00.000,11,Île-de-France,11786234
2023-01-01T00:00:00.000,32,Hauts-de-France,5991855
2016-01-01T00:00:00.000,24,Centre-Val de Loire,2577866
2010-01-01T00:00:00.000,04,La Réunion,821136
2013-01-01T00:00:00.000,52,Pays de la Loire,3654790
2020-01-01T00:00:00.000,32,Hauts-de-France,5997400
2017-01-01T00:00:00.000,28,Normandie,3330478
2013-01-01T00:00:00.000,28,Normandie,3328364
2007-01-01T00:00:00.000,03,Guyane,213031
2018-01-01T00:00:00.000,75,Nouvelle-Aquitaine,5979778
2008-01-01T00:00:00.000,02,Martinique,397693
2017-01-01T00:00:00.000,44,Grand Est,5549586
2021-01-01T00:00:00.000,01,Guadeloupe,384315
2020-01-01T00:00:00.000,03,Guyane,285133
2014-01-01T00:00:00.000,94,Corse,324212
2015-01-01T00:00:00.000,75,Nouvelle-Aquitaine,5911482
2012-01-01T00:00:00.000,93,Provence-Alpes-Côte d'Azur,4935576
2025-01-01T00:00:00.000,28,Normandie,3345842
2009-01-01T00:00:00.000,04,La Réunion,816364
2019-01-01T00:00:00.000,84,Auvergne-Rhône-Alpes,8041995
2013-01-01T00:00:00.000,94,Corse,320208
2024-01-01T00:00:00.000,93,Provence-Alpes-Côte d'Azur,5218960
2024-01-01T00:00:00.000,52,Pays de la Loire,3900305
2024-01-01T00:00:00.000,02,Martinique,360630
2016-01-01T00:00:00.000,52,Pays de la Loire,3731319
2013-01-01T00:00:00.000,93,Provence-Alpes-Côte d'Azur,4953675
2018-01-01T00:00:00.000,27,Bourgogne-Franche-Comté,2807807
2019-01-01T00:00:00.000,44,Grand Est,5556219
2024-01-01T00:00:00.000,44,Grand Est,5563378
2015-01-01T00:00:00.000,76,Occitanie,5774185
2014-01-01T00:00:00.000,32,Hauts-de-France,6005760
2015-01-01T00:00:00.000,01,Guadeloupe,397990
2021-01-01T00:00:00.000,44,Grand Est,5561287
2011-01-01T00:00:00.000,11,Île-de-France,11852851
2020-01-01T00:00:00.000,24,Centre-Val de Loire,2574863
2012-01-01T00:00:00.000,04,La Réunion,833944
2024-01-01T00:00:00.000,11,Île-de-France,12463067
2008-01-01T00:00:00.000,28,Normandie,3293092
2020-01-01T00:00:00.000,11,Île-de-France,12271794
2010-01-01T00:00:00.000,84,Auvergne-Rhône-Alpes,7577110
2013-01-01T00:00:00.000,76,Occitanie,5683878
2023-01-01T00:00:00.000,03,Guyane,293996
2010-01-01T00:00:00.000,01,Guadeloupe,403355
2010-01-01T00:00:00.000,75,Nouvelle-Aquitaine,5745486
2006-01-01T00:00:00.000,28,Normandie,3267848
2023-01-01T00:00:00.000,11,Île-de-France,12463067
2018-01-01T00:00:00.000,84,Auvergne-Rhône-Alpes,7993511
2015-01-01T00:00:00.000,02,Martinique,380877
2006-01-01T00:00:00.000,75,Nouvelle-Aquitaine,5574821
2024-01-01T00:00:00.000,04,La Réunion,889679
2018-01-01T00:00:00.000,32,Hauts-de-France,6003765
2017-01-01T00:00:00.000,53,Bretagne,3318904
2019-01-01T00:00:00.000,24,Centre-Val de Loire,2573180
2018-01-01T00:00:00.000,94,Corse,338554
2014-01-01T00:00:00.000,03,Guyane,252338
2009-01-01T00:00:00.000,44,Grand Est,5531175
2014-01-01T00:00:00.000,52,Pays de la Loire,3684654
2018-01-01T00:00:00.000,24,Centre-Val de Loire,2572853
2023-01-01T00:00:00.000,75,Nouvelle-Aquitaine,6150451
2023-01-01T00:00:00.000,01,Guadeloupe,384160
2008-01-01T00:00:00.000,84,Auvergne-Rhône-Alpes,7458124
2010-01-01T00:00:00.000,28,Normandie,3310448
2023-01-01T00:00:00.000,53,Bretagne,3449370
2012-01-01T00:00:00.000,53,Bretagne,3237097
2007-01-01T00:00:00.000,27,Bourgogne-Franche-Comté,2792562
2007-01-01T00:00:00.000,52,Pays de la Loire,3477115
2018-01-01T00:00:00.000,03,Guyane,276128
2012-01-01T00:00:00.000,27,Bourgogne-Franche-Comté,2816814
2017-01-01T00:00:00.000,01,Guadeloupe,390253
2013-01-01T00:00:00.000,84,Auvergne-Rhône-Alpes,7756599
2012-01-01T00:00:00.000,28,Normandie,3322756
2021-01-01T00:00:00.000,28,Normandie,3327966
2015-01-01T00:00:00.000,84,Auvergne-Rhône-Alpes,7876711
2012-01-01T00:00:00.000,76,Occitanie,5626858
2021-01-01T00:00:00.000,52,Pays de la Loire,3847192
2019-01-01T00:00:00.000,04,La Réunion,861210
2013-01-01T00:00:00.000,53,Bretagne,3258707
2019-01-01T00:00:00.000,27,Bourgogne-Franche-Comté,2805580
2017-01-01T00:00:00.000,27,Bourgogne-Franche-Comté,2811423
2011-01-01T00:00:00.000,28,Normandie,3315077
2013-01-01T00:00:00.000,11,Île-de-France,11959807
2025-01-01T00:00:00.000,44,Grand Est,5563378
2024-01-01T00:00:00.000,01,Guadeloupe,384160
2024-01-01T00:00:00.000,94,Corse,355486
2015-01-01T00:00:00.000,53,Bretagne,3293850
2009-01-01T00:00:00.000,84,Auvergne-Rhône-Alpes,7517045
2022-01-01T00:00:00.000,04,La Réunion,881348
2019-01-01T00:00:00.000,93,Provence-Alpes-Côte d'Azur,5081101
2013-01-01T00:00:00.000,27,Bourgogne-Franche-Comté,2819783
2021-01-01T00:00:00.000,11,Île-de-France,12317279
2019-01-01T00:00:00.000,76,Occitanie,5933185
2021-01-01T00:00:00.000,76,Occitanie,6022176
2008-01-01T00:00:00.000,53,Bretagne,3149701
2014-01-01T00:00:00.000,24,Centre-Val de Loire,2577435
2008-01-01T00:00:00.000,75,Nouvelle-Aquitaine,5671076
2024-01-01T00:00:00.000,27,Bourgogne-Franche-Comté,2802670
2022-01-01T00:00:00.000,76,Occitanie,6080731
2011-01-01T00:00:00.000,44,Grand Est,5539081
2015-01-01T00:00:00.000,11,Île-de-France,12082144
2018-01-01T00:00:00.000,53,Bretagne,3335414
2021-01-01T00:00:00.000,24,Centre-Val de Loire,2573303
2014-01-01T00:00:00.000,01,Guadeloupe,400186
2017-01-01T00:00:00.000,32,Hauts-de-France,6003472
2015-01-01T00:00:00.000,52,Pays de la Loire,3712258
2012-01-01T00:00:00.000,32,Hauts-de-France,5972697
2021-01-01T00:00:00.000,27,Bourgogne-Franche-Comté,2800194
2011-01-01T00:00:00.000,32,Hauts-de-France,5959766
2010-01-01T00:00:00.000,03,Guyane,229040
2011-01-01T00:00:00.000,76,Occitanie,5573466
2022-01-01T00:00:00.000,28,Normandie,3339074
2024-01-01T00:00:00.000,84,Auvergne-Rhône-Alpes,8204733
2013-01-01T00:00:00.000,32,Hauts-de-France,5987483
2014-01-01T00:00:00.000,02,Martinique,383911
2022-01-01T00:00:00.000,84,Auvergne-Rhône-Alpes,8163050
2010-01-01T00:00:00.000,24,Centre-Val de Loire,2548065
2006-01-01T00:00:00.000,53,Bretagne,3094534
2018-01-01T00:00:00.000,52,Pays de la Loire,3774865
2010-01-01T00:00:00.000,76,Occitanie,5518106
2008-01-01T00:00:00.000,93,Provence-Alpes-Côte d'Azur,4882913
2006-01-01T00:00:00.000,24,Centre-Val de Loire,2519567
2016-01-01T00:00:00.000,94,Corse,330455
2019-01-01T00:00:00.000,52,Pays de la Loire,3799817
2023-01-01T00:00:00.000,24,Centre-Val de Loire,2587031
2014-01-01T00:00:00.000,44,Grand Est,5554694
2016-01-01T00:00:00.000,44,Grand Est,5555186
2025-01-01T00:00:00.000,32,Hauts-de-France,5991855
2007-01-01T00:00:00.000,11,Île-de-France,11598866
2023-01-01T00:00:00.000,04,La Réunion,889679
2021-01-01T00:00:00.000,93,Provence-Alpes-Côte d'Azur,5127840
2013-01-01T00:00:00.000,75,Nouvelle-Aquitaine,5844177
2022-01-01T00:00:00.000,32,Hauts-de-France,5998579
2022-01-01T00:00:00.000,03,Guyane,288382
2017-01-01T00:00:00.000,24,Centre-Val de Loire,2576252
2016-01-01T00:00:00.000,32,Hauts-de-France,6006526
2007-01-01T00:00:00.000,53,Bretagne,3120288
2022-01-01T00:00:00.000,75,Nouvelle-Aquitaine,6113384
2007-01-01T00:00:00.000,04,La Réunion,794107
2012-01-01T00:00:00.000,02,Martinique,388364
2010-01-01T00:00:00.000,02,Martinique,394173
2024-01-01T00:00:00.000,32,Hauts-de-France,5991855
2019-01-01T00:00:00.000,32,Hauts-de-France,6004606
2025-01-01T00:00:00.000,76,Occitanie,6124653
2008-01-01T00:00:00.000,76,Occitanie,5419946
2014-01-01T00:00:00.000,84,Auvergne-Rhône-Alpes,7819962
2011-01-01T00:00:00.000,53,Bretagne,3217767
2014-01-01T00:00:00.000,53,Bretagne,3276543
2007-01-01T00:00:00.000,01,Guadeloupe,400584
2015-01-01T00:00:00.000,28,Normandie,3339131
2016-01-01T00:00:00.000,04,La Réunion,852924
2014-01-01T00:00:00.000,11,Île-de-France,12027565
2023-01-01T00:00:00.000,94,Corse,355486
2020-01-01T00:00:00.000,27,Bourgogne-Franche-Comté,2801695
2019-01-01T00:00:00.000,03,Guyane,281678
2018-01-01T00:00:00.000,44,Grand Est,5550389
2022-01-01T00:00:00.000,27,Bourgogne-Franche-Comté,2803977
2016-01-01T00:00:00.000,93,Provence-Alpes-Côte d'Azur,5021928
2023-01-01T00:00:00.000,84,Auvergne-Rhône-Alpes,8204733
2011-01-01T00:00:00.000,04,La Réunion,828581
2020-01-01T00:00:00.000,53,Bretagne,3373835
2016-01-01T00:00:00.000,27,Bourgogne-Franche-Comté,2818338
2015-01-01T00:00:00.000,03,Guyane,259865
2006-01-01T00:00:00.000,32,Hauts-de-France,5912586
2015-01-01T00:00:00.000,44,Grand Est,5559051
2012-01-01T00:00:00.000,44,Grand Est,5549000
2020-01-01T00:00:00.000,04,La Réunion,863083
2008-01-01T00:00:00.000,03,Guyane,219266
2012-01-01T00:00:00.000,52,Pays de la Loire,3626642
2019-01-01T00:00:00.000,11,Île-de-France,12262544
2010-01-01T00:00:00.000,53,Bretagne,3199066
2006-01-01T00:00:00.000,02,Martinique,397732
2014-01-01T00:00:00.000,93,Provence-Alpes-Côte d'Azur,4983438
2025-01-01T00:00:00.000,04,La Réunion,889679
2006-01-01T00:00:00.000,03,Guyane,205954
2007-01-01T00:00:00.000,75,Nouvelle-Aquitaine,5627671
2025-01-01T00:00:00.000,94,Corse,355486
2022-01-01T00:00:00.000,94,Corse,351276
2011-01-01T00:00:00.000,52,Pays de la Loire,3595207
2009-01-01T00:00:00.000,24,Centre-Val de Loire,2538590
2020-01-01T00:00:00.000,28,Normandie,3325522
2024-01-01T00:00:00.000,53,Bretagne,3449370
2006-01-01T00:00:00.000,93,Provence-Alpes-Côte d'Azur,4815232
2011-01-01T00:00:00.000,27,Bourgogne-Franche-Comté,2816174
2020-01-01T00:00:00.000,01,Guadeloupe,383559
2025-01-01T00:00:00.000,11,Île-de-France,12463067
2014-01-01T00:00:00.000,04,La Réunion,842767
2009-01-01T00:00:00.000,53,Bretagne,3175064
2011-01-01T00:00:00.000,75,Nouvelle-Aquitaine,5773078
2024-01-01T00:00:00.000,03,Guyane,293996
2021-01-01T00:00:00.000,04,La Réunion,871157
2007-01-01T00:00:00.000,76,Occitanie,5371117
2009-01-01T00:00:00.000,76,Occitanie,5473597
2025-01-01T00:00:00.000,24,Centre-Val de Loire,2587031
2011-01-01T00:00:00.000,94,Corse,314486
2008-01-01T00:00:00.000,04,La Réunion,808250
2012-01-01T00:00:00.000,75,Nouvelle-Aquitaine,5808594
2006-01-01T00:00:00.000,11,Île-de-France,11532398
2014-01-01T00:00:00.000,75,Nouvelle-Aquitaine,5879144
2019-01-01T00:00:00.000,02,Martinique,364508
2020-01-01T00:00:00.000,75,Nouvelle-Aquitaine,6033952
2021-01-01T00:00:00.000,84,Auvergne-Rhône-Alpes,8113491
2015-01-01T00:00:00.000,32,Hauts-de-France,6009632
2015-01-01T00:00:00.000,24,Centre-Val de Loire,2578592
2022-01-01T00:00:00.000,01,Guadeloupe,383569
2018-01-01T00:00:00.000,11,Île-de-France,12213447
2018-01-01T00:00:00.000,01,Guadeloupe,387629
2015-01-01T00:00:00.000,93,Provence-Alpes-Côte d'Azur,5007977
2010-01-01T00:00:00.000,52,Pays de la Loire,3565667
2017-01-01T00:00:00.000,04,La Réunion,853659
2023-01-01T00:00:00.000,93,Provence-Alpes-Côte d'Azur,5218960
2007-01-01T00:00:00.000,24,Centre-Val de Loire,2526919
2025-01-01T00:00:00.000,02,Martinique,360630
2006-01-01T00:00:00.000,27,Bourgogne-Franche-Comté,2779461
2015-01-01T00:00:00.000,04,La Réunion,850727
2007-01-01T00:00:00.000,32,Hauts-de-France,5921613
2016-01-01T00:00:00.000,76,Occitanie,5808435
2014-01-01T00:00:00.000,76,Occitanie,5730753
2008-01-01T00:00:00.000,11,Île-de-France,11659260
2006-01-01T00:00:00.000,52,Pays de la Loire,3445032
2013-01-01T00:00:00.000,44,Grand Est,5552435
2013-01-01T00:00:00.000,03,Guyane,244118
2010-01-01T00:00:00.000,32,Hauts-de-France,5952590
2020-01-01T00:00:00.000,52,Pays de la Loire,3825385
2022-01-01T00:00:00.000,52,Pays de la Loire,3872381
2009-01-01T00:00:00.000,52,Pays de la Loire,3533356
2015-01-01T00:00:00.000,94,Corse,327283
2021-01-01T00:00:00.000,94,Corse,347597
2018-01-01T00:00:00.000,02,Martinique,368783
2025-01-01T00:00:00.000,84,Auvergne-Rhône-Alpes,8204733
2021-01-01T00:00:00.000,75,Nouvelle-Aquitaine,6069352
2009-01-01T00:00:00.000,75,Nouvelle-Aquitaine,5708497
2008-01-01T00:00:00.000,52,Pays de la Loire,3504543
2022-01-01T00:00:00.000,44,Grand Est,5560079
2017-01-01T00:00:00.000,76,Occitanie,5845102
2008-01-01T00:00:00.000,44,Grand Est,5521516
2017-01-01T00:00:00.000,75,Nouvelle-Aquitaine,5956978
2011-01-01T00:00:00.000,93,Provence-Alpes-Côte d'Azur,4916069
2008-01-01T00:00:00.000,94,Corse,302966
2012-01-01T00:00:00.000,11,Île-de-France,11898502
2024-01-01T00:00:00.000,75,Nouvelle-Aquitaine,6150451
2015-01-01T00:00:00.000,27,Bourgogne-Franche-Comté,2820940
2010-01-01T00:00:00.000,44,Grand Est,5532580
2013-01-01T00:00:00.000,24,Centre-Val de Loire,2570548
2006-01-01T00:00:00.000,01,Guadeloupe,400736
2012-01-01T00:00:00.000,24,Centre-Val de Loire,2563586
2025-01-01T00:00:00.000,01,Guadeloupe,384160
2007-01-01T00:00:00.000,28,Normandie,3278145
2017-01-01T00:00:00.000,84,Auvergne-Rhône-Alpes,7947332
2006-01-01T00:00:00.000,44,Grand Est,5490161
2009-01-01T00:00:00.000,02,Martinique,396404
2013-01-01T00:00:00.000,02,Martinique,385551
2018-01-01T00:00:00.000,04,La Réunion,855961
2020-01-01T00:00:00.000,84,Auvergne-Rhône-Alpes,8077748
2022-01-01T00:00:00.000,93,Provence-Alpes-Côte d'Azur,5170312
2016-01-01T00:00:00.000,84,Auvergne-Rhône-Alpes,7915918
2011-01-01T00:00:00.000,84,Auvergne-Rhône-Alpes,7633246
2009-01-01T00:00:00.000,32,Hauts-de-France,5943945
2008-01-01T00:00:00.000,01,Guadeloupe,401784
2017-01-01T00:00:00.000,52,Pays de la Loire,3751129
2021-01-01T00:00:00.000,02,Martinique,360749
2022-01-01T00:00:00.000,02,Martinique,361019
2016-01-01T00:00:00.000,28,Normandie,3335929
2007-01-01T00:00:00.000,44,Grand Est,5506686
2011-01-01T00:00:00.000,03,Guyane,237549
2025-01-01T00:00:00.000,93,Provence-Alpes-Côte d'Azur,5218960
2024-01-01T00:00:00.000,76,Occitanie,6124653
2007-01-01T00:00:00.000,94,Corse,299209
2020-01-01T00:00:00.000,76,Occitanie,5973969
2010-01-01T00:00:00.000,94,Corse,309693
2022-01-01T00:00:00.000,11,Île-de-France,12380964
2006-01-01T00:00:00.000,76,Occitanie,5310966
2019-01-01T00:00:00.000,53,Bretagne,3354854
2025-01-01T00:00:00.000,52,Pays de la Loire,3900305
2017-01-01T00:00:00.000,93,Provence-Alpes-Côte d'Azur,5030890
2013-01-01T00:00:00.000,01,Guadeloupe,402119
2023-01-01T00:00:00.000,52,Pays de la Loire,3900305
2020-01-01T00:00:00.000,93,Provence-Alpes-Côte d'Azur,5098666
2009-01-01T00:00:00.000,93,Provence-Alpes-Côte d'Azur,4889053
2019-01-01T00:00:00.000,28,Normandie,3325032
2025-01-01T00:00:00.000,53,Bretagne,3449370
2009-01-01T00:00:00.000,94,Corse,305674
2012-01-01T00:00:00.000,01,Guadeloupe,403314
2021-01-01T00:00:00.000,32,Hauts-de-France,5994957
2014-01-01T00:00:00.000,28,Normandie,3335645
2023-01-01T00:00:00.000,44,Grand Est,5563378
2016-01-01T00:00:00.000,02,Martinique,376480
2019-01-01T00:00:00.000,01,Guadeloupe,384239
2006-01-01T00:00:00.000,04,La Réunion,781962
2007-01-01T00:00:00.000,02,Martinique,397730
2025-01-01T00:00:00.000,27,Bourgogne-Franche-Comté,2802670
2022-01-01T00:00:00.000,53,Bretagne,3422845
2017-01-01T00:00:00.000,02,Martinique,372594
2016-01-01T00:00:00.000,53,Bretagne,3306529
2006-01-01T00:00:00.000,84,Auvergne-Rhône-Alpes,7356304
2014-01-01T00:00:00.000,27,Bourgogne-Franche-Comté,2820623
2019-01-01T00:00:00.000,75,Nouvelle-Aquitaine,6010289
2018-01-01T00:00:00.000,93,Provence-Alpes-Côte d'Azur,5052832
2023-01-01T00:00:00.000,02,Martinique,360630
2024-01-01T00:00:00.000,24,Centre-Val de Loire,2587031
2018-01-01T00:00:00.000,76,Occitanie,5885496
2020-01-01T00:00:00.000,44,Grand Est,5562651
2019-01-01T00:00:00.000,94,Corse,340440
2007-01-01T00:00:00.000,93,Provence-Alpes-Côte d'Azur,4864015
2008-01-01T00:00:00.000,24,Centre-Val de Loire,2531588
2023-01-01T00:00:00.000,28,Normandie,3345842
2024-01-01T00:00:00.000,28,Normandie,3345842
2020-01-01T00:00:00.000,02,Martinique,361225
2012-01-01T00:00:00.000,94,Corse,316257
2025-01-01T00:00:00.000,75,Nouvelle-Aquitaine,6150451
2017-01-01T00:00:00.000,11,Île-de-France,12174880
2012-01-01T00:00:00.000,03,Guyane,239648
2020-01-01T00:00:00.000,94,Corse,343701
2017-01-01T00:00:00.000,94,Corse,334938
2009-01-01T00:00:00.000,27,Bourgogne-Franche-Comté,2810648
2016-01-01T00:00:00.000,75,Nouvelle-Aquitaine,5935603
2007-01-01T00:00:00.000,84,Auvergne-Rhône-Alpes,7404233
2023-01-01T00:00:00.000,76,Occitanie,6124653
2013-01-01T00:00:00.000,04,La Réunion,835103
2010-01-01T00:00:00.000,27,Bourgogne-Franche-Comté,2813878
2025-01-01T00:00:00.000,03,Guyane,293996
2016-01-01T00:00:00.000,03,Guyane,269352
2021-01-01T00:00:00.000,03,Guyane,286618
2009-01-01T00:00:00.000,03,Guyane,224469
2023-01-01T00:00:00.000,27,Bourgogne-Franche-Comté,2802670
2008-01-01T00:00:00.000,32,Hauts-de-France,5930677
2021-01-01T00:00:00.000,53,Bretagne,3394567
2018-01-01T00:00:00.000,28,Normandie,3327477
2009-01-01T00:00:00.000,28,Normandie,3303822
2011-01-01T00:00:00.000,24,Centre-Val de Loire,2556835
